cDC1,cDC2,pDC,Eos,Mon,Neu,B
69,47,35,86,197,512,2
0,0,0,0,0,0,4970
4,3,4,7,4,4,0
80,75,40,72,86,160,212
20,4,1,0,1,9,0
19,43,22,19,69,47,4343
66,85,38,89,134,224,498
0,0,0,0,0,0,818
1,0,0,0,0,0,0
0,0,0,0,0,0,30031
10,1,2,7,7,3,0
27,18,13,17,80,92,2503
15,22,19,54,168,86,9136
9,17,7,17,51,15,3724
0,0,0,0,0,0,123
9,9,0,0,0,0,0
15,34,19,37,61,14,7142
30,48,16,111,325,156,539
0,0,0,0,0,0,6883
52,23,20,22,49,123,0
122,70,22,6,21,66,0
4,0,1,4,13,11,0
16,15,1,0,0,23,2031
31,15,4,1,12,64,0
22,13,9,60,182,75,7220
14,18,18,57,230,197,2000
20,14,26,9,11,31,0
1,0,3,2,15,4,5
0,0,0,0,0,0,5365
8,5,7,7,2,0,0
5,1,0,1,8,11,4
0,0,0,0,0,0,2952
41,51,33,92,147,171,5818
6,1,4,25,81,28,1019
9,11,8,13,81,27,3707
11,25,1,4,8,18,0
0,0,0,0,0,0,11248
0,0,0,0,0,0,1415
0,0,0,0,0,0,2280
13,12,9,83,218,221,12
0,0,0,0,0,0,7776
0,0,0,0,0,0,7395
6,3,10,16,76,67,116
3,0,1,0,0,0,0
0,0,0,0,0,0,22041
22,23,8,51,227,118,911
17,7,9,33,35,76,68
1,2,3,4,38,49,3331
26,11,13,2,0,3,126
6,14,0,0,4,0,7530
7,13,20,9,24,11,2
17,19,16,18,25,11,74
16,10,11,5,27,21,2
7,2,7,14,51,60,0
2,0,0,13,3,5,0
12,17,10,21,55,26,8551
35,59,25,34,26,58,0
90,100,28,23,28,82,0
0,0,0,0,0,0,1951
21,18,14,4,17,42,0
1,0,0,0,0,1,8444
0,0,0,0,0,0,10214
17,7,11,29,63,24,4194
0,0,0,0,0,0,4342
0,0,0,1,1,2,21457
76,40,11,58,114,509,3
0,0,0,1,8,0,635
15,30,4,1,0,0,0
0,0,0,0,0,0,318
11,27,5,4,11,35,85
101,163,130,137,168,234,3373
0,0,0,0,0,0,10977
10,17,12,27,20,10,0
35,43,20,44,158,471,0
8,0,0,16,45,23,220
0,0,0,0,0,0,7325
0,0,0,0,0,0,13944
38,38,14,55,182,205,5
8,0,4,20,67,126,0
15,27,23,49,187,126,6411
0,0,0,0,0,0,5818
111,104,70,104,209,148,11384
7,5,16,7,0,0,0
21,55,19,16,45,36,514
106,93,52,137,291,724,27
27,0,2,1,0,0,0
0,1,3,2,0,0,0
16,11,22,14,42,27,0
15,26,10,19,87,78,914
0,0,0,0,8,15,0
18,39,23,68,114,78,490
73,50,44,91,123,202,340
6,5,6,3,0,0,0
95,55,6,0,0,17,0
0,0,0,0,0,0,747
9,17,5,12,4,3,1940
29,78,58,54,63,52,4467
0,0,0,0,0,0,7991
73,9,26,24,33,50,0
3,2,4,11,7,29,0
15,23,4,11,25,32,8885
51,36,23,72,153,229,180
7,21,9,8,72,22,3748
11,34,17,12,16,9,2669
3,11,1,0,0,0,0
0,0,0,0,0,0,5943
185,148,87,252,762,927,1491
0,0,0,0,0,0,23133
17,30,7,32,94,41,2686
0,0,1,6,0,0,0
0,0,0,0,0,0,10631
43,77,36,34,63,55,1590
11,17,7,18,39,32,0
3,5,10,3,0,0,0
19,28,14,19,19,15,0
8,12,13,2,0,5,129
5,10,10,2,2,24,68
36,33,9,40,82,204,337
0,0,0,0,0,0,1780
7,0,0,0,0,0,0
12,21,7,6,6,35,92
6,9,13,31,75,32,0
30,72,46,23,5,32,125
0,0,0,0,0,4,2342
41,19,10,118,522,1191,20
5,37,10,26,69,66,121
72,107,44,26,43,157,1
0,0,0,0,12,1,22827
30,18,23,60,108,99,666
0,0,0,0,0,0,1545
48,49,13,22,92,73,2234
8,11,3,33,102,59,72
42,32,23,36,135,247,44
0,0,0,0,0,0,7107
68,108,46,69,138,87,19112
7,2,1,4,21,7,24
50,24,28,70,213,111,14700
17,9,2,0,0,0,0
0,0,0,0,0,0,11488
11,4,15,14,13,3,0
37,10,18,73,189,269,21
97,96,40,139,273,653,216
0,1,1,0,0,0,0
1,6,4,1,1,0,0
15,14,7,33,84,61,602
69,138,42,49,46,63,0
21,11,14,37,69,37,2568
141,96,68,190,571,705,134
35,71,13,24,48,59,2
13,0,2,14,13,19,0
109,56,45,121,217,319,174
39,18,13,12,19,87,0
35,50,26,43,102,124,12682
0,0,0,0,0,0,13424
0,0,0,0,0,0,6073
0,0,0,0,0,0,20388
1,1,0,1,9,4,3
26,40,25,14,20,53,121
15,25,14,20,77,47,288
0,0,0,0,0,0,23863
2,0,0,4,7,3,0
0,0,0,0,0,0,6931
36,28,40,16,3,5,0
22,26,3,16,8,66,0
61,60,33,94,265,218,16702
42,73,34,19,19,17,30
0,0,0,1,18,0,3943
24,37,8,8,16,48,0
1,1,1,12,13,16,56
4,1,3,1,0,13,0
0,0,0,0,0,0,11652
12,7,13,12,27,6,14509
0,0,0,0,0,0,210
7,9,6,16,36,23,781
0,0,0,0,0,0,7178
0,0,0,0,0,0,28103
7,1,1,2,1,9,0
43,48,63,49,114,93,24
1,3,1,0,0,0,0
12,9,1,1,0,1,0
0,0,0,0,0,0,50
21,15,14,19,27,29,0
28,30,30,39,68,72,2355
23,21,13,37,121,103,521
42,49,46,105,152,117,13276
42,30,13,50,10,15,0
58,66,25,41,106,108,7037
0,0,0,0,0,0,808
0,0,0,0,0,0,412
0,0,0,0,0,0,13772
60,72,34,15,36,107,0
5,11,0,3,39,31,5004
13,3,11,17,1,1,0
75,58,25,51,183,322,60
0,3,0,0,0,0,0
41,38,50,64,74,113,173
0,0,0,0,0,0,28
1,5,0,0,0,1,19
0,2,0,0,14,1,79
12,5,7,9,6,3,0
11,16,13,13,56,35,6669
26,8,5,16,6,23,357
22,8,13,17,98,188,0
25,35,15,12,36,43,3237
5,3,2,0,9,1,830
17,21,7,7,26,29,34
48,65,51,91,148,246,134
11,7,4,13,35,46,2660
9,8,3,14,39,31,44
9,14,25,40,31,35,1791
3,0,0,0,10,7,4
0,0,0,0,0,0,3042
13,10,2,11,8,19,69
0,0,2,3,3,0,0
8,5,14,35,73,24,25
14,4,6,24,43,79,0
0,0,0,0,0,0,2124
0,4,8,8,50,20,1730
7,12,1,22,148,203,0
18,20,13,39,67,35,85
33,55,28,31,44,33,250
4,0,1,0,0,0,268
0,0,0,0,0,0,2579
0,0,0,0,0,0,1337
6,3,1,21,76,31,14135
27,13,8,6,45,71,0
0,0,0,0,0,0,916
20,13,12,1,7,26,26
5,6,2,2,0,0,0
14,14,2,3,5,23,0
0,0,0,0,0,0,11382
9,1,0,0,0,0,0
5,17,6,4,1,1,56
7,1,1,2,0,0,0
14,2,5,15,69,41,171
37,35,24,38,117,169,16
0,0,0,0,0,0,2577
0,0,0,0,0,0,13895
44,71,41,77,133,124,4626
0,0,0,0,2,4,0
16,5,16,24,31,41,314
9,24,9,20,6,54,231
17,31,3,4,6,16,0
0,1,1,8,22,19,3816
88,79,72,95,287,277,433
0,0,0,0,0,0,8060
48,76,44,31,77,37,8403
0,0,0,0,0,0,701
19,63,13,5,6,4,0
2,1,0,0,26,7,0
7,0,7,21,117,34,11297
60,32,12,17,14,20,0
2,0,8,5,25,2,0
9,12,22,23,24,36,47
42,70,44,97,250,295,5647
0,0,0,0,0,0,2254
24,38,13,34,84,262,1253
0,0,0,0,0,0,14350
276,368,350,364,732,504,16269
150,151,111,224,651,341,4833
2,0,1,0,0,0,0
13,0,10,29,7,17,0
37,62,33,93,132,125,1186
0,0,0,0,0,0,7494
0,0,0,0,0,0,5051
210,262,148,173,362,674,3350
47,52,23,16,9,31,0
19,7,6,1,2,2,0
0,0,0,0,0,0,230
24,30,34,22,12,50,501
5,5,2,5,1,16,3
0,0,0,0,0,0,679
39,46,15,9,9,9,0
14,0,11,13,9,42,0
0,0,0,0,0,0,706
22,12,7,18,42,96,0
0,0,0,0,0,0,19
22,33,35,23,29,46,151
96,114,90,136,265,217,1481
0,0,1,0,0,0,0
11,37,5,19,78,28,2185
0,0,0,0,0,0,2593
0,0,0,0,24,1,5693
0,0,0,0,0,0,1295
11,9,17,32,137,63,8696
14,7,5,13,64,23,105
40,11,9,29,106,181,75
0,0,0,3,42,57,0
7,12,4,5,8,29,635
7,5,8,17,117,237,0
2,4,0,0,0,0,2126
13,5,4,13,15,13,9600
60,62,30,90,160,344,221
0,3,0,5,27,28,0
39,143,39,55,176,120,6266
44,39,27,71,104,169,9855
11,12,9,29,84,39,12323
15,6,1,8,6,12,0
103,73,74,76,146,148,809
0,0,0,0,0,0,6850
30,24,25,72,256,165,117
6,9,1,1,1,21,0
0,0,0,0,0,0,9986
0,0,0,0,0,0,199
6,0,1,3,3,1,0
38,30,16,64,118,150,15
4,8,2,6,5,35,2
50,23,19,47,167,258,145
1,3,1,4,20,28,0
13,32,30,17,47,39,3471
0,0,0,0,0,0,4205
26,24,19,40,30,92,2
0,0,0,0,0,0,7485
0,0,0,0,0,0,1588
71,85,38,72,180,135,8597
0,0,0,0,0,0,1165
0,0,0,0,0,0,11321
1,0,0,1,6,14,2
0,0,0,0,0,0,8044
35,42,28,71,84,158,1
15,13,21,23,47,21,10121
19,15,13,6,54,34,26
11,8,3,0,1,10,0
4,3,5,0,0,0,0
0,0,0,0,0,0,2145
0,0,0,0,0,0,4
0,0,0,0,0,0,3566
94,113,49,71,153,174,518
15,16,7,29,25,33,192
0,0,0,0,0,0,9776
29,21,12,43,113,176,0
51,36,19,15,28,58,0
4,7,4,6,51,169,0
1,0,4,1,10,4,127
36,52,45,63,171,116,1997
28,11,30,59,89,50,1
0,0,0,0,0,0,7575
56,127,57,88,299,153,9882
27,44,23,42,93,81,1745
41,41,38,30,122,59,7205
16,14,9,3,4,22,15
0,3,0,0,0,0,6871
14,1,1,5,7,8,50
31,56,13,27,123,50,3768
6,3,1,6,72,42,3262
25,33,8,35,56,35,5406
0,0,0,1,1,25,0
0,0,0,1,1,0,4362
38,9,16,67,180,139,95
16,13,1,0,0,0,0
5,18,14,2,2,2,0
0,0,0,0,0,0,1813
0,0,0,0,0,0,299
45,52,28,8,5,7,0
0,11,2,1,0,4,1
2,14,4,18,79,40,8224
86,77,55,149,334,324,3656
0,0,0,0,0,0,188
0,0,0,0,0,0,8935
137,183,121,109,291,220,3745
0,0,0,0,0,0,299
0,0,0,0,0,0,12491
0,0,0,0,0,0,13691
0,2,1,2,5,1,2818
67,103,77,154,544,227,14693
3,8,1,16,16,44,2
7,13,5,0,2,0,0
7,1,3,16,0,10,17
0,0,0,0,6,3,9890
4,24,6,2,0,0,0
40,57,34,34,118,74,2256
0,0,0,1,3,0,2467
26,13,20,13,14,13,201
14,37,6,4,9,14,5
22,18,15,18,7,19,0
57,52,59,48,62,123,10
7,12,14,41,18,28,61
13,2,0,10,87,61,20
7,27,14,27,35,96,0
23,5,13,35,51,29,0
0,0,0,0,0,0,7
0,0,0,0,0,0,3775
0,0,0,0,0,0,6586
16,22,14,9,37,109,1
3,2,3,4,11,6,1848
4,1,0,2,7,17,3902
0,0,0,0,0,0,835
73,68,58,172,917,658,1634
2,6,4,17,104,105,11
1,1,2,0,1,0,1498
23,23,5,26,58,219,0
4,4,10,0,0,0,10019
49,0,3,1,0,0,0
8,2,6,12,78,71,14
29,20,29,23,31,23,0
2,4,1,0,11,15,112
3,0,2,3,7,3,578
16,6,2,1,2,6,4
129,118,46,118,374,759,26
12,14,10,20,40,67,6509
8,11,15,10,10,20,0
6,8,1,0,3,4,2674
1,0,2,0,6,0,0
3,2,7,9,60,29,2861
92,111,48,121,446,525,361
1,0,0,4,8,1,4136
5,18,5,18,43,30,6553
0,0,0,0,0,0,421
11,20,9,2,1,1,0
5,4,5,1,0,0,0
0,0,0,0,0,0,14657
108,51,42,166,581,546,1832
3,23,5,7,14,21,0
15,18,16,8,7,14,22
0,0,0,12,9,2,0
12,28,4,1,42,49,0
38,45,16,56,118,68,5125
13,12,6,10,14,35,0
4,6,2,0,0,0,0
3,2,3,5,1,0,0
8,1,3,22,32,40,54
50,40,56,51,116,280,26
17,12,18,14,15,10,15
0,0,0,0,0,0,7516
38,75,33,23,113,109,4163
13,50,17,11,4,8,0
0,0,0,0,4,0,3243
40,6,11,32,130,70,32
0,0,4,0,0,0,3648
0,2,3,3,7,15,183
37,17,5,7,7,26,0
45,33,27,43,108,161,3223
0,0,0,0,0,0,6191
76,87,67,88,229,165,17174
6,11,7,1,0,0,0
67,48,26,51,95,145,78
0,0,0,0,0,0,1435
4,0,1,0,0,0,0
0,0,0,0,0,0,1742
2,0,1,10,46,24,0
14,18,3,0,2,4,0
19,11,5,10,16,25,3
15,20,8,7,32,3,10733
0,0,0,0,0,0,1400
2,2,0,1,0,1,1038
0,0,0,0,0,0,3222
1,0,0,5,13,2,621
16,34,3,0,0,3,0
67,36,23,21,34,50,157
0,0,0,0,0,0,10323
38,12,10,16,49,158,0
0,0,0,0,0,0,4830
0,2,0,1,4,0,1481
25,24,16,29,47,21,6087
2,0,0,0,0,0,2742
27,19,13,29,44,59,7
5,9,1,18,67,144,38
33,14,22,20,157,136,0
0,0,0,0,0,0,5611
87,135,54,127,394,195,1389
100,128,87,101,144,273,7059
0,0,0,0,0,0,1769
1,2,3,1,5,13,0
70,51,25,119,223,394,459
7,1,0,0,2,4,0
1,0,0,0,1,15,0
3,11,7,15,44,24,2048
7,2,8,25,84,53,1524
68,54,26,30,199,246,29
1,0,0,0,0,1,0
0,0,0,0,0,0,324
0,0,0,0,0,0,5587
0,0,0,0,0,0,9179
5,25,4,1,0,5,0
3,2,2,14,35,14,4
42,80,40,96,218,151,2026
25,23,33,12,4,3,0
17,16,19,18,8,5,29
23,28,17,46,53,44,39
15,27,7,18,79,152,205
0,0,0,0,0,0,1957
6,11,2,6,18,6,6443
4,3,2,5,25,97,0
67,66,16,60,107,226,70
47,48,23,21,86,128,0
0,0,1,0,0,0,11233
0,0,0,0,0,0,19494
59,31,29,58,120,146,1026
2,12,4,7,23,13,2690
9,11,8,15,15,23,48
0,0,0,0,0,0,4230
38,24,35,69,187,76,228
0,0,0,0,0,0,3574
17,44,7,9,0,7,0
0,3,0,0,0,0,3620
0,0,0,0,0,0,15436
0,4,3,16,112,97,0
0,0,0,0,0,0,12303
51,51,24,77,214,123,230
5,7,3,16,75,28,21661
23,50,7,5,0,8,0
22,25,12,50,213,84,50
0,0,0,0,0,0,18761
22,27,6,16,81,85,709
3,0,0,0,0,0,0
16,3,5,2,14,5,0
114,82,60,141,682,1019,25
19,26,2,24,29,54,129
17,17,7,23,138,488,0
7,7,8,6,33,51,132
11,9,2,0,0,3,0
6,4,5,6,4,25,190
0,1,0,1,11,12,9940
10,6,15,16,106,21,228
52,53,56,75,75,131,4041
1,1,8,6,18,2,3653
0,0,0,0,0,0,1659
0,9,0,4,25,14,1168
0,0,0,0,0,0,6171
15,15,7,16,47,56,2675
23,2,4,15,33,7,5503
0,0,0,0,0,0,2034
0,0,0,0,0,0,3220
0,0,0,0,0,0,6456
2,0,0,0,0,1,11702
0,0,0,0,0,0,606
22,11,2,21,112,65,4
0,0,0,0,0,0,6809
38,15,4,12,24,60,26
37,41,14,3,1,7,0
2,1,1,3,1,2,0
85,141,62,100,249,229,11972
14,17,5,22,52,32,1988
6,10,10,25,31,8,632
23,21,17,37,103,105,56
29,6,5,48,275,361,4
0,0,2,2,4,1,0
16,9,2,23,64,50,513
0,0,0,0,0,0,15368
20,36,15,13,28,70,475
3,11,11,21,11,38,4766
2,5,6,9,55,63,235
3,1,1,2,21,5,881
0,0,0,0,0,0,596
26,25,14,3,2,8,35
20,7,3,15,10,21,3
9,13,14,5,9,7,1
53,61,28,97,226,456,9
2,0,0,10,30,15,585
32,59,30,36,76,37,6603
0,0,0,0,0,0,2749
10,28,16,16,151,70,16024
17,7,13,31,29,38,1563
157,231,120,215,611,371,11047
12,5,9,18,29,59,0
240,239,109,264,375,766,543
0,0,0,0,0,1,3169
0,0,0,0,0,0,5125
0,0,0,0,0,0,367
8,12,7,5,1,9,26
25,4,8,53,192,119,826
0,0,0,0,0,0,8971
38,9,9,7,15,19,0
17,21,2,1,11,10,34
39,43,13,27,54,112,55
0,21,3,0,7,7,11857
47,78,63,82,154,133,494
0,0,0,0,0,0,1306
0,0,0,0,0,0,9602
15,30,8,25,60,111,4160
27,9,10,13,52,91,605
22,5,15,56,130,68,9297
62,33,8,6,3,1,0
34,40,23,25,41,138,41
7,2,3,2,23,5,0
32,45,20,33,74,152,8
9,0,1,6,12,5,6231
10,4,6,50,200,125,20
92,57,33,86,301,157,250
5,8,7,10,29,52,7
12,9,5,14,5,2,0
46,61,53,59,77,94,451
44,85,58,85,230,144,3031
18,35,9,27,98,34,8446
7,13,13,8,1,9,0
135,150,120,197,501,384,17767
54,25,22,68,177,133,619
0,0,1,2,5,1,0
0,0,0,0,17,2,317
1,0,1,0,2,0,1178
40,56,36,67,183,113,2800
0,0,0,0,0,0,1499
34,30,20,59,55,151,11
29,27,14,54,341,324,0
10,26,9,20,14,11,384
22,11,10,44,48,41,0
0,2,0,3,23,12,1981
62,81,36,110,268,188,31914
28,2,17,5,0,9,0
18,13,14,15,63,33,44
10,5,7,18,98,47,4231
6,5,2,4,17,63,4348
88,87,74,96,165,186,1592
2,2,5,35,73,79,28
15,40,11,18,75,191,4
35,61,30,60,93,95,1653
12,46,17,27,54,58,0
3,4,1,2,4,15,0
0,3,0,4,12,8,56
39,67,34,38,101,90,10933
5,6,6,20,25,21,0
27,16,17,29,44,44,36
1,0,0,0,0,0,0
20,17,8,25,53,40,21
0,0,1,3,1,0,230
2,1,5,7,61,35,7564
31,14,30,54,54,20,118
1,4,8,5,6,1,380
3,12,0,1,8,6,1860
109,151,115,157,342,261,1536
5,11,12,7,7,15,0
51,25,37,93,255,235,843
37,63,25,5,4,14,195
45,54,44,68,253,119,6500
0,0,0,0,0,0,6607
72,69,43,86,92,250,69
7,4,4,12,54,27,1089
0,0,0,0,2,1,312
33,9,16,21,4,13,274
12,19,7,13,18,11,3976
0,0,0,0,0,0,2917
8,1,4,2,0,0,0
3,2,2,0,0,0,7
32,18,5,1,0,2,0
0,21,4,7,5,7,973
3,0,1,0,0,0,0
34,47,14,37,98,61,21
9,27,5,21,127,60,20642
0,0,0,0,0,0,11237
68,41,29,7,5,0,0
1,10,1,5,27,8,6729
8,15,10,29,114,94,21058
0,0,0,0,0,0,3037
2,0,1,3,22,9,6610
0,0,0,0,0,0,122
64,55,34,67,194,284,761
168,166,103,211,797,518,11929
2,1,0,15,112,271,0
63,110,54,83,177,174,1241
0,0,0,0,17,3,29982
0,0,0,0,0,0,1064
27,46,15,29,48,63,27
0,0,0,0,0,0,10902
16,37,15,12,19,16,1499
27,22,7,31,15,62,119
0,0,0,0,0,0,4073
0,0,0,0,0,0,32727
0,0,0,0,0,0,1759
48,127,27,15,15,104,0
55,39,35,71,179,170,177
26,27,5,11,9,35,0
38,17,16,15,101,90,1337
0,0,0,0,0,0,10081
1,1,6,4,1,4,0
0,0,0,0,0,0,9249
38,25,13,57,135,212,56
0,0,0,0,0,0,4460
70,55,47,57,135,260,200
11,35,4,4,1,30,0
72,51,55,128,502,693,103
10,10,12,17,36,30,2840
0,0,0,0,0,0,1615
1,0,1,5,36,27,0
156,240,122,144,471,296,4616
63,33,48,46,127,83,7060
16,44,16,23,75,38,17149
5,7,4,3,0,0,0
30,4,5,3,9,42,1227
18,14,7,28,111,97,21297
69,76,45,109,356,313,419
24,18,11,19,79,61,32
128,107,46,165,461,618,390
0,0,0,0,0,0,6426
30,38,9,5,0,0,0
0,6,0,0,0,0,0
42,52,38,26,120,88,4709
24,46,10,1,1,9,0
18,11,5,9,44,86,0
0,0,0,0,0,0,5981
0,0,0,0,0,0,454
0,0,0,0,0,0,291
0,0,0,0,0,0,4801
24,29,2,8,17,25,1
3,5,6,0,0,1,0
26,47,2,0,0,0,0
3,6,3,1,7,1,13945
12,10,3,4,4,8,8
12,8,15,28,14,41,0
29,21,13,70,79,75,29
0,0,0,0,0,0,7620
27,39,9,1,8,1,0
0,2,0,0,0,0,0
9,50,20,5,36,47,3764
1,1,0,0,2,0,5081
0,0,0,0,0,0,4587
0,0,0,5,18,3,0
73,87,111,92,142,76,2647
4,6,10,21,44,50,0
0,0,0,0,0,0,17146
3,9,4,3,0,4,0
22,24,3,5,3,12,8
8,5,12,8,7,17,646
2,0,0,7,9,9,4761
66,83,55,121,532,269,6642
124,90,53,101,133,280,315
18,5,10,26,18,17,0
33,26,26,31,32,57,89
2,11,2,12,50,34,1
9,9,7,33,57,90,0
82,129,75,170,373,307,4283
0,0,0,0,0,0,9700
5,18,7,0,0,8,0
15,2,9,24,127,237,12
2,0,0,0,0,0,0
0,0,0,0,0,0,4533
254,199,100,325,715,1979,109
6,10,5,14,4,0,0
106,96,42,55,103,263,0
45,58,32,54,164,152,9195
16,31,8,2,23,46,0
0,0,0,1,4,2,2949
0,0,0,0,0,0,5134
0,0,0,0,0,0,22480
5,13,4,9,34,33,11343
6,5,8,12,37,18,8271
31,35,30,20,8,18,29
17,9,14,15,13,31,0
0,1,0,0,0,0,2076
4,16,6,18,54,74,148
14,12,4,17,36,21,15950
0,0,0,0,5,3,2616
15,3,6,39,129,75,55
2,19,11,12,33,17,6734
21,12,17,16,66,24,6
71,107,29,8,1,25,0
0,0,0,0,0,0,10054
20,43,20,12,45,27,567
8,3,1,1,0,0,0
20,23,12,37,50,48,755
15,36,11,25,63,80,2082
5,1,1,5,8,27,46
15,31,1,5,9,12,876
8,8,4,39,101,39,1344
0,0,0,0,0,0,10669
76,68,50,66,282,185,494
18,24,12,20,76,75,330
157,203,111,287,661,1115,662
201,96,89,185,513,748,292
14,25,31,2,0,0,0
4,14,5,5,54,22,10335
42,21,24,107,246,322,66
10,1,13,47,32,53,0
24,23,8,30,44,110,38
20,23,0,0,0,0,0
0,0,0,0,0,0,1752
0,0,0,0,0,0,3713
15,0,2,15,2,11,0
4,3,3,7,38,20,140
0,0,0,0,0,0,3091
9,2,1,1,7,18,1
34,15,13,42,127,205,70
51,69,57,76,183,137,1235
1,3,6,1,0,0,16
0,0,0,0,0,0,4247
7,15,4,9,8,6,58
2,1,4,12,10,8,0
10,14,11,3,6,12,112
80,97,24,96,227,281,436
0,0,0,0,0,0,28263
42,52,6,39,125,290,0
0,0,0,0,0,0,15933
0,0,0,0,0,0,2772
49,14,6,25,71,95,0
117,228,124,257,852,413,47093
2,4,0,0,0,0,0
12,19,10,21,79,72,985
14,1,6,14,24,8,66
42,26,20,36,71,128,30
23,46,35,49,103,75,2508
0,0,0,0,0,0,5829
0,0,0,0,0,0,15933
7,2,4,19,78,37,5350
13,30,5,11,15,48,0
19,29,13,8,13,22,0
46,36,4,2,0,1,0
23,3,0,5,7,32,0
0,0,0,0,0,0,14535
2,2,9,0,1,0,0
8,2,1,4,6,5,0
3,2,2,1,1,16,11
0,4,0,0,0,0,2012
10,14,7,16,39,28,0
0,0,0,0,0,0,5789
40,38,21,18,56,38,0
12,40,9,13,40,33,11806
28,38,19,57,37,90,3
7,1,3,11,24,14,1
27,8,27,77,121,90,2
28,23,35,41,41,82,5
31,27,6,25,42,104,0
0,0,0,0,0,0,7717
17,23,20,59,135,74,641
12,18,10,9,29,22,1635
0,0,0,0,0,0,300
0,0,0,1,5,0,154
1,0,7,2,3,2,0
0,0,0,0,0,0,752
1,0,1,0,0,0,0
24,29,18,4,3,22,0
21,22,15,20,104,83,14809
17,23,24,19,55,45,1429
43,13,14,37,69,65,95
8,15,20,30,142,66,13875
52,76,42,55,155,82,4290
1,1,1,2,24,7,0
7,0,1,0,0,0,0
31,3,5,2,24,12,3
2,10,3,5,12,4,10
37,19,16,11,41,56,4
11,12,3,2,18,56,46
43,60,28,42,128,85,8421
0,0,0,0,0,0,277
16,7,8,30,31,44,1
44,20,20,2,0,0,0
0,0,0,0,0,0,8492
1,3,0,0,0,3,0
7,6,0,0,4,12,0
0,0,0,0,0,0,1027
10,3,6,0,5,8,0
0,0,0,0,0,0,743
0,0,0,0,0,0,6596
0,0,0,1,7,0,6826
0,0,0,0,0,0,2424
2,2,0,0,0,0,0
0,0,0,0,0,0,229
19,9,8,4,1,4,31
2,3,0,1,2,3,47
0,0,0,0,0,0,1499
4,2,5,26,107,31,9508
16,4,9,12,20,45,4
10,8,1,24,128,52,3779
0,1,2,0,0,0,0
21,5,0,6,0,1,0
0,0,0,0,0,0,7050
35,60,19,66,175,195,67
0,0,0,0,0,0,8320
11,3,6,2,32,41,1
14,17,2,0,8,27,0
11,10,22,24,49,65,5160
16,7,7,44,249,212,4
0,0,0,0,0,0,1059
94,123,62,40,55,134,80
34,39,11,35,206,205,341
31,42,18,20,72,152,12
134,186,88,179,458,817,139
22,32,14,32,51,41,146
0,9,1,0,0,0,17412
0,0,0,0,0,0,767
12,18,10,13,1,6,0
22,33,9,5,1,8,464
0,0,0,0,0,0,4330
37,53,13,6,3,20,291
20,45,17,12,81,76,66
27,25,11,19,38,65,2736
0,0,0,0,0,0,8
12,17,20,44,36,17,5
36,31,27,66,271,167,1038
0,0,0,0,0,0,1774
0,0,0,0,0,0,4692
16,48,10,7,2,12,17
0,0,0,2,5,0,1172
0,0,0,0,0,0,3424
0,1,0,0,0,0,931
97,115,41,129,276,419,13241
0,8,4,3,3,1,16684
95,121,48,47,63,141,0
0,0,0,0,0,0,3925
8,9,11,20,43,36,4686
10,0,0,1,0,0,0
31,37,14,15,12,46,0
0,5,1,4,3,1,4086
0,0,0,0,0,0,6063
8,4,8,3,0,0,0
16,17,4,11,47,52,11839
20,9,20,9,14,9,0
0,0,0,0,0,0,2989
0,0,0,0,0,0,4836
12,34,26,10,14,20,1385
22,14,27,43,48,32,11275
2,7,5,1,1,3,44
27,8,13,23,30,18,0
19,27,11,52,152,220,8
0,0,0,2,12,6,7315
1,19,11,11,44,14,14111
0,0,0,0,0,0,13079
36,47,36,48,103,79,1727
77,36,30,9,16,20,0
0,0,0,0,0,0,2036
72,59,55,65,100,147,360
16,17,4,10,16,64,3
4,10,2,13,49,64,9337
0,0,0,0,0,0,7926
58,27,9,11,9,30,0
76,58,39,92,126,182,768
33,62,10,8,11,14,0
102,26,13,7,4,19,0
6,3,6,28,296,164,211
10,1,7,14,3,2,0
32,51,30,45,68,94,8203
0,0,0,0,0,0,6299
9,6,1,1,3,1,0
26,16,14,16,43,55,11
0,1,0,0,0,3,0
0,0,0,0,0,0,4823
72,61,40,120,267,351,49
0,0,0,0,0,0,10394
34,22,39,64,83,128,71
127,138,85,80,147,309,280
29,38,44,27,25,32,18
6,12,16,29,60,58,22
2,0,3,0,1,0,1653
40,13,1,3,0,4,0
9,3,5,3,0,2,0
28,24,23,42,118,47,5038
0,0,0,0,0,0,19942
46,41,9,55,267,247,18627
15,5,4,1,17,52,864
0,0,0,0,0,0,77
38,20,13,69,162,400,301
28,15,7,3,1,3,0
13,8,4,3,6,10,5
0,11,4,2,5,20,0
0,0,0,0,0,0,4639
10,4,6,31,19,0,0
0,0,0,0,0,0,3640
56,37,33,65,106,269,25
223,236,162,202,373,465,3170
3,4,0,11,36,29,56
3,2,3,2,3,0,7230
14,16,20,31,19,13,263
11,22,3,3,25,12,13714
0,0,1,1,0,0,0
0,0,0,0,0,0,7132
0,0,0,0,0,0,110
0,0,0,0,0,0,224
1,3,0,0,2,0,25177
10,28,10,11,38,17,4017
0,2,1,5,5,52,1
0,0,0,0,0,0,7485
36,20,17,34,104,49,30
25,12,42,50,104,81,12674
10,13,4,5,27,11,1067
18,12,10,7,38,23,2595
17,5,4,27,79,78,144
0,0,0,0,0,0,1001
7,0,1,1,0,0,0
93,134,71,119,238,260,14017
8,5,4,18,45,31,10061
29,26,27,55,103,96,0
4,35,5,0,0,0,0
2,1,1,7,1,0,0
0,0,0,0,0,0,11942
5,2,1,9,23,52,2
4,10,1,0,0,0,0
4,1,1,7,8,27,2410
0,0,0,7,3,1,5796
8,7,9,7,25,12,0
13,5,14,19,7,3,0
0,0,0,0,0,0,7911
0,0,0,0,0,0,11522
51,31,29,63,108,175,5
0,0,0,0,0,0,1244
4,0,0,4,19,2,7023
4,2,1,0,0,1,78
6,8,9,31,17,30,32
57,34,16,72,168,510,24
17,7,12,36,69,93,90
52,42,12,39,158,226,28
73,52,69,184,362,212,639
66,42,24,92,166,187,1
10,11,6,21,35,13,9069
10,8,4,39,231,748,0
9,5,2,6,5,6,72
4,3,1,4,6,15,0
18,20,20,4,0,11,34
3,19,4,8,25,2,1415
0,0,0,3,18,8,15440
0,3,2,0,1,2,1299
19,29,14,18,48,72,2570
4,25,1,1,1,18,0
12,7,5,12,15,11,0
0,0,0,0,0,0,1055
9,0,0,0,1,0,0
5,1,0,3,12,13,1019
118,158,63,183,334,501,1800
2,1,3,0,5,1,61
27,15,19,56,163,130,0
26,14,5,55,158,484,0
9,4,1,0,18,2,0
31,51,18,33,72,95,19835
0,0,0,0,0,0,4947
0,0,0,0,0,0,1495
19,31,27,19,36,33,1285
1,0,1,1,0,0,0
10,1,2,2,1,1,0
4,31,10,5,1,2,32
24,25,12,35,130,48,10775
26,23,26,40,139,136,3
0,0,0,0,0,0,17337
165,198,163,261,563,455,6383
76,55,28,87,312,284,211
0,0,0,0,0,0,17586
52,48,55,109,171,175,8138
0,0,0,0,0,0,18059
29,40,25,38,112,129,2597
7,12,11,13,18,14,37
44,20,17,21,58,97,2159
51,72,40,92,200,112,7101
0,0,0,0,0,0,1843
21,13,20,14,8,22,441
0,0,0,0,0,0,5530
2,4,6,6,3,20,15
29,22,16,94,492,802,37
21,15,10,19,27,60,19
14,9,2,12,25,101,1
102,50,27,42,221,145,7
62,31,31,103,290,364,5588
12,5,3,13,43,52,325
2,8,2,7,5,2,0
1,1,1,2,7,8,0
14,32,9,8,33,57,0
20,27,12,2,5,1,0
0,0,0,0,0,0,1813
0,0,0,0,0,0,12848
0,0,0,0,0,0,5918
1,5,1,0,1,0,6233
0,0,0,0,0,0,8720
0,0,0,0,0,0,217
0,0,0,0,0,0,1804
0,0,0,0,0,0,371
0,0,0,0,0,0,18352
20,30,10,25,53,71,472
4,4,0,0,0,0,0
20,14,10,22,65,86,2
25,20,12,41,45,165,55
0,0,0,0,0,0,5903
23,3,5,17,52,110,2
10,0,2,17,142,59,21969
6,7,2,4,0,0,0
4,0,1,8,33,41,5408
2,0,3,19,12,5,0
47,44,20,37,158,94,3692
0,0,0,0,0,0,2313
0,0,0,0,0,0,8698
17,16,19,74,211,89,8566
36,32,18,11,15,57,16
9,32,6,7,0,5,12
6,5,3,1,0,3,0
0,0,0,3,33,1,8273
0,0,0,0,0,0,1818
15,17,11,18,30,86,0
2,7,8,4,1,25,17
16,9,4,3,0,3,0
31,35,27,31,50,100,138
41,28,35,58,94,45,2112
5,5,9,10,6,8,0
1,3,0,2,10,12,17583
13,5,7,37,173,129,10840
0,0,0,0,0,0,5250
54,63,37,30,51,57,0
0,0,0,1,6,0,3103
8,6,0,7,12,43,0
25,24,3,11,78,72,3115
13,6,7,2,2,27,0
0,0,0,0,0,1,8759
64,103,34,34,73,79,132
36,66,29,20,21,82,39
13,11,25,78,474,466,0
14,8,21,9,4,5,51
27,7,15,6,2,6,0
10,18,0,0,0,0,0
22,51,19,32,58,44,1078
3,0,2,4,28,10,3
13,30,12,4,6,9,13
9,5,1,0,0,0,0
0,0,0,0,0,0,739
14,0,0,1,0,0,0
0,0,0,0,0,0,20791
0,0,0,0,0,0,3688
8,12,4,10,21,27,12
0,0,0,0,0,0,3861
0,0,0,0,0,0,11017
6,18,5,14,43,90,0
2,4,3,6,3,3,1943
0,0,1,7,34,16,0
0,0,0,0,0,0,8168
4,13,1,0,0,1,0
23,14,14,68,217,421,1
7,0,2,5,50,37,12795
4,4,4,27,111,110,255
92,113,76,71,74,157,614
16,10,8,9,9,19,1854
61,31,10,3,48,11,0
18,10,1,27,41,42,112
13,13,13,30,63,25,4361
5,50,7,1,0,9,1085
1,10,2,11,28,28,3939
0,0,0,1,2,1,5952
34,39,13,19,61,107,37
0,0,3,0,4,0,3266
0,0,0,0,0,0,6962
0,0,0,0,0,0,17606
23,16,10,69,255,439,0
20,29,16,17,64,21,1047
31,48,16,35,113,133,131
50,29,34,23,8,16,0
0,0,0,0,0,0,10799
47,43,18,78,355,725,0
0,0,0,0,0,0,11620
0,0,0,0,0,0,9022
0,0,0,0,0,0,16306
100,134,68,138,258,299,3962
76,53,14,28,70,119,283
156,186,166,185,518,418,14109
14,6,20,11,15,8,0
12,9,14,6,41,4,14
0,0,0,0,0,0,1029
4,4,1,6,61,14,1887
20,17,11,15,21,111,2
11,17,10,15,64,65,6470
7,5,2,11,15,12,0
5,0,2,5,17,0,139
7,0,1,0,19,34,5072
15,11,4,45,124,66,2986
4,10,3,1,2,14,0
31,66,15,45,63,170,115
26,44,22,40,202,80,6993
16,5,9,19,39,25,1
64,28,37,72,89,124,1222
0,0,0,0,0,0,5675
36,59,23,38,65,98,6690
7,3,4,14,28,72,0
0,0,0,0,0,0,4237
1,0,0,0,0,7,0
7,0,4,12,55,28,26
7,0,10,27,51,7,14169
1,1,1,7,87,31,1169
22,28,24,91,201,470,11
1,3,0,0,25,2,2723
0,0,0,0,0,0,235
39,30,34,27,70,124,4
2,4,3,10,60,36,1477
0,4,1,0,0,0,9508
25,16,11,31,15,58,20
10,6,4,16,18,5,2
0,0,0,0,0,0,384
0,0,0,0,0,0,13161
0,0,0,1,26,11,8283
89,50,40,72,111,321,0
17,27,14,19,67,46,1682
36,41,22,49,72,50,1649
25,25,13,17,22,36,328
7,9,2,6,53,15,14799
12,6,15,4,3,28,0
5,1,0,0,0,0,0
0,0,0,1,3,0,4628
8,5,0,3,5,2,70
0,0,0,0,0,0,5188
148,241,142,211,541,393,19237
0,0,0,0,1,1,4747
0,4,7,0,0,0,0
12,21,10,19,57,48,9088
40,46,27,33,105,45,7768
82,71,44,92,138,246,1478
68,90,34,72,59,185,79
25,22,19,66,95,89,360
16,12,8,24,68,52,72
8,6,7,18,18,34,3
0,0,0,0,0,0,14559
10,10,8,8,10,48,26070
3,5,4,4,2,17,0
9,20,5,8,47,37,14
0,0,0,0,0,0,10791
47,26,23,72,188,271,87
22,30,3,30,91,75,213
0,0,4,6,6,4,1287
161,118,55,143,269,764,714
0,0,0,0,3,1,6404
91,50,31,97,156,240,234
0,0,0,0,0,0,58
22,15,9,3,1,1,0
0,0,0,0,0,0,14418
2,0,3,2,0,0,14075
15,8,12,48,44,32,0
1,7,6,6,28,23,1384
1,1,0,5,0,3,0
4,8,2,2,17,5,4906
7,11,6,14,15,18,6469
61,77,29,58,226,129,3902
19,22,2,10,34,86,1
11,16,4,14,33,83,1
31,22,27,63,35,57,354
4,3,1,4,18,40,0
0,0,0,0,0,0,3146
1,1,4,4,41,3,17
0,0,0,0,0,0,1791
1,1,5,0,0,0,0
13,10,5,6,22,64,5
0,0,0,0,0,0,283
3,14,2,14,32,7,20651
11,3,5,25,120,325,0
1,4,1,0,0,0,0
31,34,9,0,0,0,0
1,4,7,1,0,1,0
0,0,0,0,0,0,2071
1,0,3,4,1,9,0
9,13,9,1,18,8,8282
2,2,6,22,84,50,5034
0,0,0,0,0,0,11178
5,4,13,20,40,6,0
141,176,120,211,424,331,21489
0,0,0,0,0,0,313
2,6,1,11,42,19,2685
40,46,19,58,49,132,475
0,0,0,0,0,0,14097
0,0,0,0,0,0,821
2,6,15,4,15,22,9
18,18,11,20,15,122,0
25,31,28,58,97,81,10176
8,11,0,8,22,50,0
0,0,0,0,0,0,903
0,0,0,0,0,0,10481
0,0,1,7,39,6,1
43,72,20,34,36,64,768
0,0,0,0,0,0,13
8,3,2,3,1,4,0
4,2,6,19,62,53,1638
4,2,2,1,0,0,0
9,13,13,0,43,36,22851
5,23,9,3,62,17,772
8,5,8,11,25,70,0
68,69,63,101,187,128,5495
14,20,8,18,57,31,12924
22,29,10,26,20,14,0
26,16,23,39,9,33,0
0,7,3,10,13,6,1
0,0,2,0,0,0,833
48,39,23,42,153,164,334
30,27,17,41,138,193,171
0,0,0,0,0,0,14868
1,5,1,12,8,28,2
0,0,0,0,0,0,1000
21,45,15,43,128,82,4051
0,0,1,0,18,0,586
1,0,4,19,127,132,0
10,1,5,13,53,65,13
0,1,0,0,13,2,0
42,17,12,73,211,107,247
37,10,37,45,14,18,66
2,0,13,2,4,1,831
0,0,0,0,5,0,0
11,6,2,16,45,59,85
0,0,0,0,0,0,7702
87,136,45,48,284,204,18556
25,15,24,24,28,19,314
217,295,216,262,610,524,3380
3,0,1,0,0,0,0
1,0,2,1,5,16,8836
0,0,0,0,0,0,30
0,2,1,1,15,1,2
11,20,4,8,46,11,3
96,69,78,173,210,288,585
83,106,73,109,200,182,1817
17,22,24,55,144,88,204
101,101,51,64,93,247,50
0,0,0,0,0,0,2798
30,13,1,0,0,2,0
53,41,40,76,311,238,2480
50,33,35,93,427,252,543
0,0,0,0,0,0,675
30,26,13,86,155,285,35
3,0,0,2,10,15,0
40,26,20,51,96,125,456
18,20,4,0,0,0,0
14,10,8,22,45,65,6
83,91,45,117,223,305,126
2,11,7,0,0,0,475
131,113,62,83,218,264,11462
41,45,11,59,119,251,64
51,58,11,13,29,54,0
9,11,2,11,59,42,6831
0,0,0,0,0,0,4448
0,0,0,0,0,0,453
0,0,2,0,0,0,0
0,0,0,0,0,0,13822
27,17,10,54,273,194,14
4,5,7,31,122,36,8532
101,120,24,19,12,13,0
3,4,0,1,0,0,0
4,1,1,6,7,18,2
14,8,3,2,0,0,0
9,8,14,5,9,12,0
16,3,8,1,1,0,0
32,12,8,61,87,67,0
0,0,0,0,0,0,6152
15,14,13,35,105,45,3662
0,0,0,0,0,0,2259
3,0,5,2,1,1,2745
2,0,2,3,1,0,0
1,1,2,0,0,0,0
31,16,21,20,26,34,1
20,22,12,32,49,66,57
0,0,0,0,0,0,3
12,8,7,3,12,22,105
0,0,0,0,0,0,7413
11,1,6,13,78,12,12909
0,0,0,0,0,0,11535
1,0,2,3,2,6,0
0,0,0,0,0,0,4126
5,1,2,1,0,2,6463
2,5,4,3,2,5,0
0,7,0,0,0,0,0
61,67,54,97,310,140,7358
0,0,0,0,0,0,5026
2,3,1,3,32,10,13620
56,46,30,15,4,12,0
0,0,0,0,0,0,58
10,10,6,4,0,19,345
25,21,30,39,51,88,11
34,21,34,39,143,67,90
21,18,19,4,0,2,0
65,79,34,44,38,129,27
0,0,0,0,0,0,3965
8,14,6,41,210,129,5125
51,65,58,78,201,65,6293
11,5,3,13,2,6,0
25,11,4,3,0,0,2611
4,22,5,22,91,46,563
29,32,18,38,55,84,472
13,1,0,8,66,26,5
76,48,30,94,241,439,58
0,0,0,0,0,0,80
0,0,0,0,0,0,11467
42,22,16,41,75,76,1594
4,0,0,9,17,84,1
23,20,9,27,36,78,17
0,0,0,0,0,0,29774
0,0,0,0,0,0,17266
0,0,0,1,13,3,0
62,73,25,72,143,232,3945
13,9,13,24,16,52,0
0,0,0,1,1,9,0
10,9,9,14,5,13,0
0,0,0,0,0,0,2938
12,17,12,9,14,11,1
27,20,17,17,24,67,22
2,9,11,8,2,15,0
36,7,29,30,107,73,0
14,31,13,17,32,34,4299
10,39,5,0,1,7,0
15,16,5,20,225,419,0
5,12,8,8,0,3,0
2,0,0,0,0,0,26327
12,18,8,42,161,433,0
31,16,12,38,62,150,203
20,22,6,3,14,43,224
41,27,32,45,59,124,96
0,0,0,0,0,0,13528
28,39,16,28,61,90,42
33,29,11,46,27,59,31
9,8,0,1,3,46,8248
0,1,3,0,0,0,3543
7,0,1,4,12,20,0
68,80,40,65,161,330,194
14,2,4,39,51,66,0
2,0,0,0,0,0,0
0,0,0,0,0,0,2351
22,26,18,12,50,22,0
0,0,2,1,9,1,2011
0,0,0,0,0,0,432
20,38,5,2,0,9,0
14,13,0,5,16,16,0
9,3,7,14,124,209,1
7,16,8,22,36,29,61
2,0,2,2,2,13,3807
0,0,0,0,0,0,20735
67,60,25,114,294,156,4512
11,15,20,13,88,38,601
5,2,8,7,24,13,1853
32,6,6,10,9,26,0
23,66,33,24,76,28,1
60,58,39,37,46,107,34
92,129,80,115,237,155,11841
24,31,10,29,41,34,221
43,48,44,91,318,159,14639
73,64,54,168,406,476,1650
19,33,24,23,73,41,10416
10,23,2,1,4,7,0
1,5,2,4,18,1,4
122,131,72,103,246,218,12705
14,20,20,17,15,11,190
19,0,8,24,7,6,0
3,0,0,0,0,0,0
4,4,7,3,2,3,0
2,4,3,16,40,163,0
16,8,17,58,147,531,0
92,134,53,77,177,153,7637
20,10,7,17,61,69,189
112,130,78,152,434,217,14280
24,27,11,11,18,34,0
0,0,0,0,0,0,4884
0,0,0,1,2,0,885
1,1,2,8,5,12,1
0,0,0,0,0,0,972
122,92,58,117,288,522,87
33,72,33,102,416,226,28317
33,38,23,7,25,82,0
7,23,2,0,3,7,0
0,0,0,1,3,7,2354
21,7,5,15,34,95,126
53,21,13,76,244,168,413
0,0,0,0,0,0,1651
57,52,7,26,89,125,1
0,0,0,0,3,5,0
9,6,5,28,136,74,31
26,20,41,25,55,56,6
7,8,6,9,4,7,0
0,0,0,0,0,0,6233
115,128,44,23,28,104,2
16,20,19,21,54,23,6910
0,0,0,0,0,0,18892
13,10,9,14,88,35,5860
5,0,4,4,0,0,0
13,13,4,2,8,30,1
29,18,17,76,198,228,573
0,0,0,0,0,0,10441
0,0,0,0,0,0,250
120,106,52,91,262,353,87
95,127,76,70,197,131,3024
0,0,0,0,0,0,4077
63,36,41,57,83,95,0
29,6,14,76,260,323,24
22,45,21,32,85,46,4383
20,11,17,49,138,80,39
2,0,2,5,5,0,56
19,3,5,1,1,26,0
22,7,11,55,34,26,0
90,86,38,100,167,282,1
5,5,2,23,92,31,16
4,2,0,0,1,2,0
12,5,4,30,19,24,48
0,0,0,0,6,3,0
17,2,7,25,5,0,0
26,35,17,32,80,55,600
0,0,0,0,0,0,392
0,0,2,7,26,2,5
90,98,92,117,234,159,2080
0,0,0,2,11,3,1167
2,3,2,11,10,3,0
36,41,19,35,61,48,1986
2,0,1,2,3,37,0
5,7,2,7,8,10,4266
2,4,0,1,2,14,0
24,14,16,61,186,165,160
124,156,145,189,554,291,7540
2,0,0,2,13,5,44
32,66,20,65,194,147,2537
0,0,0,0,0,0,33739
22,28,23,19,15,6,11
4,2,0,3,32,16,1388
0,0,0,0,6,1,44866
1,0,0,0,3,4,21848
0,0,0,0,6,13,0
10,12,9,17,33,90,0
0,0,0,0,0,0,583
0,0,0,0,0,0,30292
52,53,33,41,103,85,123
12,22,15,5,14,33,1
0,0,0,0,0,0,16957
0,0,0,0,0,0,5901
16,35,21,37,4,3,0
0,0,0,0,0,0,1648
0,0,0,0,0,0,5077
0,0,0,0,0,0,2526
15,35,6,20,34,14,2438
4,2,1,10,9,14,5383
24,49,10,10,11,63,38
4,5,7,4,7,1,491
121,153,118,183,625,512,23744
0,0,0,0,0,0,9685
51,90,40,63,165,182,24859
6,0,3,0,0,0,0
0,0,0,0,0,0,19248
0,2,0,0,4,0,5574
7,8,5,8,48,33,182
0,0,0,0,0,0,4528
0,5,5,0,6,0,224
32,50,18,77,132,94,4673
2,0,1,2,1,0,2806
43,33,14,99,252,184,2303
92,83,36,127,281,296,29012
41,28,25,39,74,41,32
21,55,42,13,24,25,1500
15,7,19,57,246,165,180
41,39,23,27,24,108,36
62,63,35,62,74,112,8
2,0,0,0,0,0,0
8,6,11,19,27,82,152
0,0,0,0,0,0,8154
27,38,15,51,156,93,1497
4,15,10,20,45,34,11013
13,14,13,17,60,34,11199
31,61,40,22,27,85,94
0,0,0,0,0,0,4170
0,0,0,0,0,0,5670
4,0,0,0,0,0,4080
0,0,0,0,0,0,12896
4,10,2,0,0,2,8077
34,13,17,3,0,3,0
26,38,25,41,66,70,4758
113,67,39,120,244,582,40
2,13,2,1,0,21,0
13,20,19,43,7,4,0
0,0,0,1,5,0,0
37,22,20,85,400,350,65
33,49,29,83,288,174,7998
101,160,101,124,327,198,4543
10,2,5,31,74,43,148
24,33,8,40,240,375,4
44,37,25,29,84,116,9247
6,4,3,1,1,0,0
2,7,4,2,10,4,2251
11,5,10,59,109,99,0
4,16,6,2,3,12,0
1,1,7,3,0,8,761
11,10,10,3,3,6,0
1,0,0,0,0,0,0
0,0,0,0,0,0,259
0,0,0,0,0,0,1343
23,27,28,44,161,76,21181
6,0,0,0,0,0,0
3,1,2,3,25,18,0
6,3,1,10,44,46,30
0,0,3,8,25,21,0
0,0,0,0,0,0,2573
7,0,4,7,2,7,0
0,0,0,0,0,0,49462
27,17,7,13,37,71,0
0,0,0,0,0,0,4455
8,0,7,18,56,20,2
3,0,2,12,1,8,0
2,5,3,6,0,0,0
55,38,44,74,170,150,1700
37,36,21,55,193,175,1313
0,0,0,0,0,0,5411
6,7,18,25,63,43,0
58,46,43,92,245,222,397
0,0,0,0,0,0,2680
14,26,10,29,14,112,0
22,16,17,11,16,69,0
0,0,0,0,23,1,0
14,19,28,18,53,100,0
0,0,0,3,4,0,4773
0,14,3,2,25,3,3606
39,39,23,31,65,115,5047
77,128,24,21,9,89,0
8,12,3,4,56,85,3
0,0,2,0,4,23,0
12,44,12,19,48,28,20
0,0,0,0,0,0,3790
0,0,0,0,0,0,18038
1,10,0,2,17,47,0
17,9,9,23,37,52,6258
1,0,2,7,9,3,16736
0,0,0,0,2,0,1930
26,10,11,31,45,80,1
1,0,0,0,0,0,0
27,40,35,18,38,42,128
31,16,11,112,537,863,0
15,18,7,14,16,45,0
4,7,1,1,15,23,0
0,0,0,0,0,0,11545
0,1,2,1,1,40,61
5,13,15,3,17,16,6
18,21,16,15,10,12,0
0,0,0,0,0,0,20086
51,79,62,36,21,22,0
3,6,1,5,23,2,6368
0,0,0,0,0,0,7842
2,2,0,0,0,7,0
0,0,0,0,0,0,800
17,43,34,21,58,65,8993
4,13,2,4,11,7,32809
4,2,3,22,138,183,3
1,2,11,1,0,0,42
79,63,19,79,206,436,49
41,46,29,71,114,141,1235
0,0,0,0,0,0,3343
0,0,0,0,0,0,10332
7,9,3,13,34,30,179
9,0,11,11,5,4,0
13,4,6,15,12,0,0
10,17,12,4,3,1,0
0,0,0,0,0,0,7505
10,1,5,16,145,112,0
0,0,0,0,0,0,7540
3,1,1,3,24,9,0
28,18,5,4,1,0,0
0,2,0,3,36,1,10042
0,0,0,0,0,0,512
26,22,24,74,208,159,56
14,11,18,28,28,26,604
47,95,41,100,153,146,646
0,0,0,0,0,0,490
74,36,25,74,114,124,43
6,22,12,11,10,57,32
16,11,5,25,26,33,37
16,3,0,0,0,0,0
19,1,0,0,0,1,0
19,7,13,9,0,8,0
8,3,5,25,54,35,0
39,27,17,76,231,169,161
0,0,0,0,0,0,5674
108,89,39,84,181,302,719
16,3,3,10,6,12,0
3,2,2,9,38,60,0
2,11,8,6,21,31,1388
7,4,1,6,24,59,12
0,2,4,4,31,22,18
37,42,39,80,170,151,546
0,0,0,0,0,0,18554
10,4,1,10,14,40,0
0,0,0,0,0,0,29760
3,4,5,10,64,44,0
19,17,16,27,48,66,28
0,0,0,0,0,0,6583
53,98,31,30,49,86,61
41,63,38,54,173,176,26317
26,13,8,13,23,63,0
4,6,6,26,87,16,2118
31,20,11,15,33,49,57
8,12,1,9,35,7,12730
11,8,13,41,167,163,9
39,37,19,31,97,277,0
0,0,0,0,0,0,8117
9,23,3,3,13,18,13336
0,4,8,0,0,0,56
10,4,21,79,229,193,5
31,15,20,49,102,216,11
19,26,20,31,53,58,1212
248,380,241,346,616,555,7574
4,2,0,7,3,8,0
11,15,13,2,18,20,27690
10,1,7,34,98,74,265
22,11,14,18,48,19,0
0,0,0,0,0,0,1129
0,0,0,0,0,5,0
0,0,0,0,0,0,1731
8,6,3,13,10,51,5
0,0,0,0,0,0,25263
10,2,2,0,0,0,0
63,124,58,87,293,119,13686
30,19,6,31,115,64,91
0,2,0,0,4,0,8604
12,6,5,7,16,5,0
17,25,7,11,64,21,0
3,6,5,10,9,15,6717
7,5,0,5,14,24,0
0,0,0,0,0,0,916
482,674,453,620,1381,1077,20650
53,6,12,5,6,14,0
2,2,3,2,6,36,0
10,14,14,13,3,17,12
71,110,48,78,175,232,704
55,75,58,94,221,278,424
0,0,0,0,0,0,10536
15,11,1,15,101,54,23
35,42,13,45,106,102,3333
0,0,0,0,0,0,3070
21,6,6,22,25,67,171
9,9,9,20,42,18,2800
14,17,13,13,24,17,650
32,25,14,35,59,137,21
0,0,0,0,0,0,4792
3,0,0,0,0,0,0
0,0,0,0,0,0,4046
12,24,3,17,40,55,16602
0,0,0,0,0,0,7130
0,0,0,0,0,0,257
52,57,48,45,105,97,3307
1,8,2,0,0,5,424
1,0,0,7,20,6,2824
0,1,0,0,2,0,11715
8,4,4,13,8,13,2212
23,0,15,117,263,167,0
26,20,19,81,229,165,179
5,2,5,24,101,44,6659
22,20,13,4,4,13,754
236,251,139,218,338,712,1684
0,2,2,3,15,11,1518
95,145,57,155,359,346,9720
0,3,0,0,0,0,878
19,20,19,24,24,42,12
36,48,18,42,132,192,98
11,9,15,48,185,114,1520
0,0,0,0,0,0,910
63,26,41,138,545,334,155
0,0,0,0,0,0,90
53,54,29,40,79,229,217
0,0,0,0,0,0,13224
0,0,0,0,3,0,11034
0,0,0,1,24,14,1394
9,35,9,5,0,14,0
14,6,13,8,33,15,351
106,65,31,23,69,131,2
100,163,81,143,283,245,1625
0,0,0,0,0,0,468
0,0,0,0,0,0,1129
0,0,0,0,0,0,5619
5,1,5,34,96,83,221
24,17,10,31,187,193,5
0,2,5,0,9,0,0
8,1,7,3,9,13,3
30,42,16,52,261,290,12
62,98,38,72,204,166,9173
5,5,10,34,83,60,7238
3,3,13,14,3,3,11
1,1,0,0,0,0,0
0,0,0,0,0,0,5044
84,135,52,90,89,158,157
0,0,0,0,0,0,1277
0,0,0,0,0,0,2328
0,0,0,0,0,0,19345
11,19,17,23,80,48,2630
2,0,0,0,0,0,0
19,33,4,1,2,12,45
2,1,0,5,39,7,6814
20,23,11,44,93,116,12
5,4,1,0,0,0,0
25,16,8,9,29,124,0
0,0,0,0,0,0,13430
8,17,6,20,24,29,75
0,0,0,0,0,0,10276
18,33,13,32,152,67,5942
5,7,7,18,74,57,8
167,218,147,230,617,346,13992
0,3,0,0,32,9,0
29,68,30,32,47,57,56
5,2,0,0,0,1,41
0,3,1,2,1,8,6107
0,0,0,0,0,0,4139
0,1,0,6,2,5,0
9,1,6,1,0,0,0
0,0,0,0,0,0,12332
0,0,0,0,0,0,4087
24,12,2,10,40,43,7
0,3,2,5,14,21,3655
105,55,32,135,508,1095,0
0,0,0,0,0,0,7264
36,34,34,89,86,107,3067
0,0,0,0,0,0,2284
5,1,0,1,0,2,0
29,45,16,64,314,266,328
49,41,20,63,118,234,2
0,1,4,0,0,0,3
0,0,0,0,0,0,7288
56,84,50,87,176,169,7190
0,0,0,0,0,0,2181
17,17,16,35,70,74,902
7,3,5,14,0,5,304
28,30,17,46,157,58,423
8,18,2,0,8,15,1
7,1,0,0,3,1,8587
21,13,6,22,54,23,15086
25,24,6,28,30,83,0
0,0,0,0,0,0,14693
0,0,0,0,0,0,3794
43,77,51,57,235,146,10658
11,27,7,7,37,22,718
61,85,63,76,230,164,5015
10,4,2,18,38,36,9
15,15,13,18,55,36,6029
4,7,17,7,5,2,48
0,0,0,0,0,0,5101
8,22,1,0,4,2,0
2,2,5,5,5,8,0
9,1,5,0,0,0,0
0,0,0,0,0,0,2332
43,52,13,21,70,111,0
11,29,6,3,0,0,0
0,0,0,0,0,0,7289
30,19,6,31,146,415,1
55,27,3,32,122,207,0
70,54,23,49,146,301,39
5,13,8,5,17,25,8998
68,121,67,111,353,167,5623
3,0,3,32,122,84,0
0,0,0,0,4,9,0
0,0,0,0,0,0,5222
8,6,3,9,19,6,0
3,17,3,3,3,5,0
4,1,12,48,101,100,24692
2,13,0,0,0,0,0
7,1,0,0,0,0,0
2,4,1,4,2,3,0
27,26,21,14,62,109,299
0,0,0,0,0,0,6492
0,0,0,0,0,0,3971
0,0,0,0,0,0,2242
0,0,0,0,0,0,14839
39,30,17,45,108,216,8
1,0,0,0,0,5,0
41,83,58,108,175,110,6175
31,66,25,41,140,91,5401
0,0,0,0,0,0,17331
0,0,0,0,0,0,5961
0,0,0,0,0,0,2094
19,51,26,37,138,65,12305
0,0,0,0,0,0,2132
102,105,64,95,310,377,591
8,28,12,17,18,62,1
0,0,0,0,0,0,27448
4,7,2,7,5,8,0
0,0,0,0,0,0,1126
0,0,0,0,0,0,9712
13,0,2,6,2,0,0
11,11,17,1,1,21,0
3,14,6,1,0,0,0
1,0,0,2,5,23,0
31,30,3,0,0,1,0
3,9,2,2,37,23,2820
22,43,15,33,62,110,5220
3,5,11,14,60,25,760
0,0,0,0,0,0,17715
13,25,25,14,10,23,12
88,99,67,104,295,195,3799
79,28,24,39,194,314,11
2,4,11,0,1,10,0
7,10,12,17,45,28,5758
0,0,0,0,0,0,13068
0,0,0,0,0,0,19338
0,0,0,0,0,0,662
27,39,38,22,30,60,85
1,14,4,9,7,14,0
50,54,31,170,563,1480,109
6,0,0,0,0,0,0
15,21,6,15,41,87,9291
7,2,4,10,19,13,0
21,20,28,13,13,8,0
0,0,0,0,0,0,6767
1,0,2,7,2,1,0
50,69,17,30,24,24,0
40,26,10,50,94,156,346
77,136,18,12,47,98,0
21,3,12,23,18,35,4
1,0,2,3,21,6,60
0,0,0,0,0,0,29
0,0,3,0,0,0,0
1,0,2,4,16,9,2245
19,16,11,23,77,213,401
8,0,1,0,0,0,0
0,0,0,0,0,0,5124
4,11,1,1,0,1,0
3,10,15,7,33,3,3439
0,5,9,3,0,0,0
8,17,11,12,38,23,1025
2,5,2,6,2,6,0
0,0,0,1,0,2,0
0,0,0,0,0,0,5459
0,0,0,0,0,0,2848
0,0,0,0,0,0,963
11,33,21,2,0,1,0
3,0,3,2,5,5,0
9,22,11,32,93,67,7
1,0,4,5,4,0,357
0,0,0,0,0,0,3900
19,12,3,8,12,8,5
15,10,26,4,40,33,0
41,26,23,112,305,226,458
75,64,9,8,1,2,0
4,1,8,2,1,0,12955
0,0,1,1,0,0,0
31,31,27,28,115,71,1730
36,39,7,26,53,128,379
0,0,0,0,0,0,14441
10,6,18,10,21,7,2699
0,0,0,0,0,0,510
4,2,4,12,21,2,0
0,1,0,0,8,0,127
0,0,0,0,0,0,1569
34,19,6,14,43,85,0
0,0,0,0,2,0,818
43,34,41,34,115,75,5745
13,2,0,0,9,0,3645
8,1,4,17,119,70,17828
0,0,0,0,0,0,117
16,47,2,0,0,1,0
5,2,1,10,49,68,8306
35,70,28,60,118,113,3312
3,1,12,1,5,3,0
135,153,82,151,315,453,2141
6,5,0,5,7,19,0
0,0,0,0,0,0,13488
0,0,0,0,0,0,338
12,2,24,7,5,2,0
3,4,4,14,56,10,26
3,16,2,16,64,17,23752
22,38,9,18,19,31,0
123,160,83,169,385,385,1523
20,51,9,4,22,27,52
0,0,0,0,0,0,14307
19,13,23,29,16,8,0
0,0,0,0,0,0,11117
34,47,16,34,19,29,3
0,0,0,0,3,1,9780
2,3,3,2,2,13,0
0,0,0,0,0,0,19491
84,86,43,82,238,466,1
11,9,11,3,0,8,19
0,0,0,0,0,0,14199
11,10,3,1,0,6,0
6,1,3,0,4,13,0
17,13,4,4,12,27,0
0,0,0,0,0,0,6124
0,0,0,0,0,0,768
35,25,18,63,281,198,104
1,3,3,13,70,24,0
9,6,12,20,92,40,148
0,0,0,0,0,0,4469
101,135,84,180,314,203,15274
33,37,25,128,405,389,404
0,0,0,0,0,0,7127
29,48,37,59,65,119,20
0,0,0,0,0,0,12
10,0,6,3,0,0,0
1,0,1,10,5,0,7513
29,17,22,71,244,212,1083
0,0,0,1,25,8,11417
0,0,0,0,0,0,19248
1,3,0,0,0,0,9775
3,0,0,0,0,0,0
30,105,15,5,26,28,0
17,21,11,12,40,28,6450
103,177,118,152,434,349,10111
0,0,0,0,0,0,114
70,56,47,113,339,324,2934
13,8,9,2,0,0,852
1,3,4,25,143,87,19
15,4,6,22,65,170,0
59,60,39,86,142,125,141
2,10,2,24,37,37,1021
7,8,4,13,47,70,210
47,67,67,70,194,123,4454
20,36,15,23,94,171,6
0,2,0,7,1,0,0
25,10,16,16,0,1,0
1,2,6,2,0,0,2840
63,101,44,71,98,125,568
6,2,2,8,16,12,0
10,16,6,6,7,23,0
0,0,0,0,0,0,10595
7,29,9,17,72,27,1095
0,0,0,0,0,0,6534
0,0,0,0,0,0,2827
28,50,17,26,30,77,5
3,3,7,8,9,8,2
36,30,25,52,71,121,0
0,3,2,0,0,0,0
17,24,20,18,58,31,1105
27,44,25,36,55,131,192
7,13,0,3,9,4,0
2,0,1,5,12,17,0
3,4,3,15,34,6,5727
15,5,8,8,5,18,48
12,22,6,0,0,0,0
79,72,70,67,157,136,551
13,14,4,18,40,78,3519
39,33,20,15,34,46,3883
0,0,0,0,0,0,2796
0,0,0,0,0,0,10990
41,42,35,16,8,30,35
0,0,0,0,0,0,431
72,47,43,91,207,268,148
32,49,26,43,183,91,17691
13,11,10,36,350,579,0
36,35,16,24,30,125,4
0,6,2,2,28,12,7603
5,2,0,0,0,0,0
28,30,29,62,181,108,106
0,0,0,0,0,0,2552
85,48,46,79,272,256,996
38,59,26,43,84,69,6745
0,0,0,0,0,0,6668
0,0,0,0,0,0,7868
0,0,0,0,0,0,11448
2,1,2,1,0,0,3454
0,0,0,0,0,0,10570
83,63,47,106,166,224,737
0,0,0,0,0,0,27598
45,60,35,78,140,201,850
36,41,10,37,48,155,288
0,0,0,0,0,0,8129
86,62,32,43,50,160,128
38,51,27,59,160,104,145
8,7,19,10,23,4,3359
6,10,1,0,0,0,0
9,5,10,2,1,29,1125
8,31,13,11,6,35,472
15,8,0,0,0,0,672
0,0,0,0,0,0,8137
0,0,0,0,0,0,19741
35,24,14,47,360,252,213
0,0,2,0,1,2,2778
12,7,14,44,91,187,5
2,3,0,10,44,29,12502
4,0,0,2,0,0,0
119,165,123,160,244,219,3958
7,1,5,3,3,3,0
7,5,6,30,57,31,12908
0,0,0,0,0,0,147
0,0,0,0,0,0,12334
12,16,10,27,90,120,11
0,0,0,0,0,0,6455
13,4,8,1,0,0,0
0,0,0,0,0,0,10742
8,4,1,6,0,10,43
0,0,0,0,0,0,2505
1,0,0,3,26,9,67
6,0,7,7,0,0,0
1,0,0,1,47,16,0
41,1,8,6,51,23,0
40,20,10,36,31,37,61
22,12,36,11,4,3,0
8,2,8,11,43,44,24
0,0,0,0,0,0,18276
30,15,47,57,122,87,19969
12,3,12,20,12,7,0
18,20,9,47,191,94,34
23,41,18,21,57,64,71
14,9,4,71,470,1221,1
19,32,24,25,27,24,5
2,11,2,0,1,0,3541
0,2,0,0,0,0,0
3,3,0,7,65,20,1491
0,0,0,0,0,0,9267
7,9,12,12,30,32,3
0,1,0,10,7,10,290
17,8,15,99,438,270,560
13,14,8,9,89,57,19762
6,25,28,17,87,43,6543
6,26,8,3,2,27,145
2,5,3,5,8,6,9090
0,0,0,0,0,0,3188
0,0,0,0,0,0,6704
0,0,0,1,7,2,4
0,0,0,0,0,0,2639
0,0,0,0,0,0,764
7,1,0,0,0,0,0
1,0,0,1,0,0,0
2,6,5,11,17,4,327
9,10,7,0,0,0,0
8,23,9,3,0,17,0
0,0,0,0,0,0,6783
1,0,0,0,0,0,0
21,23,16,21,8,29,4345
2,0,2,12,24,3,1091
42,72,47,81,87,152,4208
14,19,3,17,170,292,4
99,122,90,123,240,202,4214
15,4,4,6,41,43,2
33,36,9,39,107,95,36
0,0,0,1,6,2,5714
8,16,14,11,15,4,10
0,0,4,2,8,5,0
88,26,18,53,137,111,354
0,0,0,0,0,0,1644
4,3,8,15,61,96,166
1,15,1,0,0,1,0
9,3,5,11,13,18,673
1,1,0,0,1,0,2
37,62,45,106,268,143,9914
7,1,0,16,34,35,7
5,14,5,4,6,9,0
3,12,2,8,93,27,11301
104,119,76,147,209,332,551
0,0,0,0,0,0,1824
52,81,74,44,38,115,1523
45,72,38,69,207,159,10525
0,0,0,0,0,0,386
25,51,29,35,129,75,1068
51,34,12,11,42,41,0
3,13,3,0,13,2,3149
13,2,4,9,0,8,0
10,5,8,47,103,174,0
6,2,1,3,16,20,0
0,0,0,0,0,0,6653
2,0,4,1,12,0,261
0,0,0,0,0,0,1089
80,97,41,81,168,205,1143
20,19,20,31,131,112,2820
0,0,0,0,0,0,801
7,2,4,0,0,10,0
0,0,0,0,0,0,23364
15,34,2,1,2,7,92
0,0,0,0,5,3,1336
4,1,1,5,10,45,0
46,53,27,73,212,107,19292
16,5,13,24,9,44,1
5,19,7,10,61,69,14391
55,50,30,74,208,105,805
2,1,0,4,12,63,0
41,24,23,26,26,46,167
16,21,5,2,0,5,0
11,0,5,0,0,0,0
53,91,30,34,50,123,0
0,0,0,0,0,0,571
11,2,1,2,25,46,3
66,53,13,2,0,0,0
112,158,104,167,371,291,10740
0,0,0,0,0,0,3699
3,9,0,0,19,5,4994
36,40,18,7,2,19,50
41,50,35,33,110,100,4812
26,17,16,35,83,44,2545
0,0,0,0,0,0,1011
33,50,42,34,44,49,3263
16,12,15,23,52,186,0
2,1,0,2,1,23,0
0,0,0,0,0,0,4272
31,6,15,71,321,245,19
11,39,15,8,36,20,9104
14,2,8,42,164,47,234
0,0,0,0,0,0,13301
2,0,5,8,26,42,0
33,42,30,30,46,96,982
2,0,2,10,3,29,0
0,0,0,0,0,0,210
0,0,0,0,0,0,4668
37,28,35,77,236,94,7666
10,12,6,3,0,1,2
0,0,0,0,18,15,6296
66,66,35,48,90,75,225
0,0,0,0,0,0,8288
11,11,3,18,44,68,68
3,5,1,15,64,95,1102
1,0,0,3,0,3,1272
6,3,7,37,135,61,282
48,114,89,91,197,109,7034
16,27,9,3,38,34,254
0,0,2,0,0,0,2406
2,11,5,2,15,2,25
11,1,2,1,0,18,1
3,4,1,0,0,0,0
5,1,0,2,29,23,2843
0,0,0,0,0,0,18
8,0,4,10,6,0,163
10,14,5,24,20,21,515
13,15,14,10,6,21,0
0,3,1,0,0,3,0
13,0,0,0,0,0,0
0,0,0,0,0,0,7353
0,0,0,0,0,0,3625
8,0,0,8,43,77,0
3,1,2,5,44,36,1
17,15,12,10,4,17,0
14,2,0,9,52,14,0
31,54,23,71,229,201,3396
5,19,5,7,18,36,11
0,0,0,0,0,0,1547
21,58,19,9,20,38,772
11,3,7,29,26,17,1
8,21,3,8,1,7,13
0,0,0,0,0,0,2274
37,52,38,28,50,76,100
9,8,5,6,11,20,0
11,10,11,25,105,13,12935
0,0,0,0,0,0,806
14,9,10,19,70,59,197
14,24,13,19,20,54,1434
6,2,11,14,2,2,6
0,0,1,0,0,0,0
16,31,9,12,38,23,1359
1,8,0,0,0,0,0
44,44,39,85,146,283,126
85,72,44,42,92,167,0
16,13,12,7,10,57,2
0,0,0,0,0,0,4390
9,17,15,6,22,13,17364
115,155,114,142,386,233,8451
0,0,0,0,0,0,10445
0,0,0,0,0,0,10567
29,27,17,43,93,206,258
46,26,16,17,49,111,12
0,0,0,0,0,0,1907
47,85,69,91,197,127,4040
10,8,1,17,73,53,10180
0,0,0,0,0,0,4199
27,33,14,52,30,70,11
9,22,12,45,36,50,6986
0,0,0,0,0,0,21236
13,26,2,0,0,1,0
22,31,4,16,34,22,0
0,1,0,2,22,6,926
1,0,0,0,0,0,0
6,16,8,4,10,1,1579
8,4,22,6,27,6,0
1,1,0,0,0,0,168
8,4,3,2,2,1,848
38,46,23,56,227,465,148
21,17,14,18,17,43,9
4,4,7,9,13,20,3245
5,0,4,0,7,8,652
16,1,1,7,23,67,0
3,11,3,2,0,3,0
0,0,0,0,0,0,121
0,0,0,0,0,0,3324
8,1,0,0,0,0,0
0,1,0,4,12,4,0
47,24,28,132,128,96,1822
15,22,16,42,304,140,236
15,24,10,21,47,24,899
0,0,0,3,0,3,0
45,57,37,45,110,110,594
131,88,42,32,1,4,0
27,11,1,35,65,156,20
0,0,0,0,0,0,2634
15,18,8,25,143,46,11524
0,0,0,0,0,0,204
0,0,0,3,31,3,732
10,5,12,30,80,63,21
4,1,4,15,71,77,179
77,147,29,25,88,147,4897
105,132,99,156,382,365,2854
5,1,0,0,0,0,61
53,40,30,73,246,365,62
68,32,48,84,96,188,1
0,0,0,0,0,4,8464
24,13,12,31,74,145,59
8,7,10,20,72,30,47
0,0,0,0,0,0,1538
12,20,18,35,161,455,1
18,49,18,20,58,40,3781
18,21,14,10,10,15,0
24,26,23,17,90,69,12476
0,0,0,0,0,0,426
93,81,37,88,145,280,254
0,0,0,1,1,9,0
18,14,3,6,0,0,0
37,32,27,91,129,239,1892
0,0,0,0,0,0,16538
0,0,0,0,0,0,9574
79,108,32,135,196,404,171
21,14,0,15,23,8,0
13,4,19,6,0,2,0
6,20,8,4,13,15,498
40,51,13,46,132,197,15
65,54,27,81,126,104,2007
53,56,27,44,121,149,4831
0,0,0,0,5,0,11714
3,5,0,0,2,23,0
6,4,4,16,30,20,61
7,5,3,5,6,67,0
106,113,72,119,256,343,2389
2,0,0,1,1,6,0
17,32,16,23,27,17,502
4,1,0,0,0,0,0
4,0,0,0,9,3,2450
0,0,0,0,6,0,315
0,7,0,2,1,32,651
0,0,0,0,0,0,2929
39,33,16,19,28,72,1
12,3,17,0,1,1,0
56,38,22,74,392,202,6526
172,155,89,142,297,486,1260
7,30,8,3,1,0,0
2,8,0,0,1,7,1467
0,0,0,0,0,0,18221
0,0,0,0,0,0,715
10,6,3,26,44,27,15828
0,0,0,0,0,0,7286
0,0,0,0,0,0,1062
16,2,7,40,332,189,16
58,74,34,58,129,211,555
0,0,0,3,0,0,7035
2,0,0,0,0,0,0
0,0,0,0,3,0,0
15,1,7,12,22,17,149
4,11,10,6,46,55,26
8,0,0,4,53,7,0
33,4,8,22,35,38,0
5,14,2,12,69,185,0
0,0,0,0,0,0,4797
16,15,4,15,5,15,13
0,0,0,2,3,1,4
55,37,6,22,44,109,7
37,27,10,7,1,2,0
15,22,9,20,91,246,0
11,6,3,5,12,7,362
36,47,18,48,121,78,1577
39,12,14,14,19,15,5
17,36,32,42,154,44,1794
0,0,0,0,0,0,9343
0,0,0,0,0,0,4020
16,20,14,35,190,110,2
4,11,2,10,61,38,823
11,17,3,41,335,243,14
10,3,8,15,54,40,2027
3,5,0,0,20,15,0
31,43,21,45,185,118,10429
21,4,17,28,45,93,0
31,10,36,42,157,135,0
3,6,2,13,13,1,4039
0,0,0,0,0,0,5431
20,29,5,25,212,310,0
3,18,2,3,9,17,3050
16,13,11,10,97,44,4127
0,0,0,0,0,0,10320
0,0,0,0,0,0,1800
45,45,26,63,162,150,489
3,0,4,6,16,2,9784
0,0,0,0,0,0,1839
27,24,13,20,69,90,1977
15,8,11,27,112,68,2
27,20,23,40,97,29,183
54,95,20,10,1,4,0
10,7,13,12,2,7,0
1,0,0,2,20,14,0
120,113,54,161,507,545,358
2,1,1,0,0,0,12389
40,59,60,50,133,53,3737
0,0,0,3,7,2,4485
45,10,7,39,155,159,111
0,0,0,0,0,0,1098
17,1,8,6,10,3,105
89,90,55,119,168,293,344
6,3,14,1,1,6,10
8,2,9,1,7,6,3
0,0,0,0,0,0,11663
19,5,6,37,147,123,2
4,6,15,24,36,23,3096
51,48,37,71,197,195,4943
130,185,93,213,457,496,1491
0,0,0,0,0,0,2093
2,0,0,0,2,0,375
0,8,1,0,0,2,1835
29,48,21,23,85,59,1540
23,8,5,20,95,67,439
100,181,39,7,3,14,0
15,21,11,18,28,16,392
4,3,4,22,31,49,0
17,10,11,47,90,277,124
78,47,50,60,85,190,1
4,1,1,16,53,22,14
12,0,0,0,0,0,0
16,32,11,21,48,48,863
39,16,12,62,116,185,10
1,0,0,4,0,10,0
15,7,17,16,14,20,670
0,0,0,0,0,0,18316
29,3,8,13,10,7,0
6,2,6,12,27,80,73
8,1,1,2,0,0,0
1,0,1,0,13,6,7547
0,0,0,0,0,0,3833
15,23,0,0,3,6,0
0,0,1,0,1,0,0
49,46,16,97,211,290,332
0,0,0,0,0,1,14089
5,13,7,15,33,36,2424
24,14,7,23,76,18,30
0,0,0,0,0,0,8104
261,317,229,342,841,525,19740
324,373,344,375,913,754,12118
0,0,0,0,0,0,13160
74,107,50,111,247,248,1425
16,25,11,26,95,130,169
14,28,12,7,24,11,7114
8,10,16,18,23,29,0
0,0,0,0,0,0,23526
12,14,17,41,130,54,7198
104,145,42,28,60,143,5679
8,8,15,1,3,10,0
33,33,10,42,120,221,8
35,36,20,21,95,102,851
30,23,10,2,2,10,0
2,6,4,11,9,0,0
18,24,7,3,11,15,14
0,0,0,0,0,0,828
27,29,26,43,71,56,309
0,0,0,0,6,1,1
0,0,0,0,0,0,647
0,3,5,3,0,1,0
16,10,11,134,507,232,21
35,15,17,23,45,55,7938
4,2,3,2,16,25,0
17,35,2,1,0,0,0
49,69,54,86,131,89,3180
19,6,0,0,0,0,0
0,0,0,0,11,16,0
14,7,23,13,93,39,504
15,8,17,10,3,2,0
0,0,0,0,0,0,13935
73,41,16,89,289,345,58
2,1,0,1,9,20,0
15,27,12,29,27,68,139
64,29,32,54,135,167,91
0,0,0,0,0,0,627
40,44,23,41,149,186,20
18,18,11,31,84,42,2908
0,1,1,2,3,28,0
10,14,10,9,39,49,0
14,5,4,11,88,42,18327
0,0,0,2,13,5,9362
0,0,0,0,0,0,4612
34,16,18,13,34,98,8
0,0,0,0,0,0,2239
2,1,0,0,3,2,13548
54,81,49,63,188,115,4266
81,133,92,113,264,222,7371
0,0,0,0,0,0,10145
94,124,80,92,261,361,11642
26,1,11,22,51,33,182
14,15,6,14,9,26,1445
1,3,0,0,0,0,0
24,44,12,24,7,28,0
17,24,18,3,3,2,90
7,3,7,26,34,9,101
19,15,13,14,14,3,0
33,20,9,14,60,66,115
2,2,3,1,29,13,77
0,2,0,0,6,1,534
12,13,17,52,72,62,380
35,64,29,76,167,73,2491
6,33,8,23,49,47,1339
0,0,0,0,0,0,2945
52,57,28,44,79,149,524
0,0,0,0,0,0,755
0,0,0,0,0,0,5910
20,16,8,23,20,93,45
1,2,0,5,48,14,3
1,1,0,12,94,35,216
62,5,16,120,309,383,50
15,67,1,0,0,4,0
5,13,10,6,22,11,601
3,2,0,0,0,1,0
1,2,1,0,0,0,0
8,14,6,15,6,23,2
7,1,13,4,4,4,8100
118,72,61,136,178,260,1110
4,1,1,4,10,4,4545
41,101,55,16,12,47,1
0,0,0,0,0,0,6542
125,192,157,238,558,420,12965
23,6,13,1,0,0,0
50,94,51,75,193,160,32526
16,8,15,1,0,2,0
0,0,0,0,0,0,10647
0,0,0,0,0,0,9499
0,2,1,1,0,0,0
7,8,2,3,9,2,7758
16,2,16,42,42,49,7
40,35,22,64,223,88,3251
7,20,2,21,30,57,943
26,69,27,24,7,45,6568
51,62,27,39,120,74,1078
3,1,2,0,0,0,872
2,4,0,2,2,1,1014
40,40,19,47,153,95,92
0,0,0,0,0,0,4672
17,22,10,6,8,46,0
0,0,0,0,0,0,423
1,1,7,1,0,3,25
0,0,0,0,0,0,2424
30,17,18,16,27,49,842
1,0,1,3,16,5,787
1,2,0,3,7,1,7282
6,7,4,6,1,18,1
4,13,5,4,19,39,1
2,8,1,0,0,1,1197
70,62,55,49,52,86,508
9,0,0,0,0,0,0
19,2,8,49,231,257,419
60,40,48,96,138,162,417
48,14,15,30,21,79,2
0,0,0,0,0,0,1582
0,0,0,0,0,0,4243
108,110,47,75,154,261,117
12,9,23,24,59,33,5727
1,1,0,0,0,1,10065
0,1,1,0,6,1,4015
